"name2","relationship","name1"
"Sir Robert Munro, 5th Baronet","http://dbpedia.org/property/before","Sir Robert Munro, 6th Baronet"
"Sir Robert Munro, 5th Baronet","http://dbpedia.org/property/before","Sir Robert Munro, Bt"
"Alfred de Bathe Brandon","http://www.w3.org/2002/07/owl#differentFrom","Alfred Brandon"
"Alfred Brandon","http://www.w3.org/2002/07/owl#differentFrom","Alfred Brandon"
"Alexander Bradshaw Campbell","http://dbpedia.org/ontology/child","Thane Campbell"
"Alex Campbell","http://dbpedia.org/ontology/child","Thane Campbell"
"Jean-Marie Le Pen","http://dbpedia.org/ontology/predecessor","Marine Le Pen"
"Thomas Mackworth","http://dbpedia.org/property/after","Humphrey Mackworth"
"Saddam Hussein","http://dbpedia.org/ontology/president","Adnan Khairallah"
"Anderson Cooper","http://dbpedia.org/ontology/knownFor","Gloria Morgan Vanderbilt"
"Jesus Crispin Remulla","http://dbpedia.org/ontology/successor","Juanito Victor C. Remulla"
"Jesus Crispin Remulla","http://dbpedia.org/ontology/successor","Juanito Victor C. Remulla, Jr."
"Pablo John Garcia","http://dbpedia.org/property/predecessor","Gwendolyn Garcia"
"Richard Foster","http://dbpedia.org/ontology/predecessor","Neal Foster"
"Louis Philippe Demers","http://dbpedia.org/ontology/predecessor","Marie Joseph Demers"
"Ron Paul","http://www.w3.org/2002/07/owl#differentFrom","Rand Paul"
"John W. Kendall","http://dbpedia.org/ontology/predecessor","Joseph M. Kendall"
"Kim Hendren","http://dbpedia.org/property/succeeded","Jim Hendren"
"Kim Dexter Hendren","http://dbpedia.org/property/succeeded","Jim Hendren"
"Kim Hendren","http://dbpedia.org/property/succeeded","James Paul ""Jim"" Hendren"
"Kim Dexter Hendren","http://dbpedia.org/property/succeeded","James Paul ""Jim"" Hendren"
"Kim Hendren","http://dbpedia.org/property/after","James Paul ""Jim"" Hendren"
"Kim Dexter Hendren","http://dbpedia.org/property/after","James Paul ""Jim"" Hendren"
"Kim Hendren","http://dbpedia.org/property/after","Jim Hendren"
"Kim Dexter Hendren","http://dbpedia.org/property/after","Jim Hendren"
"Charles John Monro","http://dbpedia.org/ontology/child","James Hector"
"Charles John Monro","http://dbpedia.org/ontology/child","Sir James Hector"
"Hugo Chávez","http://dbpedia.org/ontology/predecessor","Adán Chávez Frías"
"Hugo Chávez","http://dbpedia.org/ontology/predecessor","Adán Chávez"
"Tokugawa Ieyasu","http://dbpedia.org/property/before","Tokugawa Hidetada"
"Tokugawa Ieyasu","http://dbpedia.org/ontology/predecessor","Tokugawa Hidetada"
"Sir Robert Munro, 6th Baronet","http://dbpedia.org/property/before","Sir Harry Munro, 7th Baronet"
"Sir Robert Munro, Bt","http://dbpedia.org/property/before","Sir Harry Munro, 7th Baronet"
"Victor Geoffrion","http://dbpedia.org/ontology/successor","Christophe-Alphonse Geoffrion"
"Richard Seddon","http://dbpedia.org/ontology/predecessor","Thomas Seddon"
"Richard John Seddon","http://dbpedia.org/ontology/predecessor","Thomas Seddon"
"Richard Seddon","http://dbpedia.org/ontology/predecessor","Tom Seddon"
"Richard John Seddon","http://dbpedia.org/ontology/predecessor","Tom Seddon"
"Henry Williams","http://dbpedia.org/ontology/spouse","Hugh Carleton"
"Winston Churchill","http://dbpedia.org/ontology/primeMinister","Duncan Sandys"
"Sir Winston Churchill","http://dbpedia.org/ontology/primeMinister","Duncan Sandys"
"Winston Churchill","http://dbpedia.org/ontology/primeMinister","The Lord Duncan-Sandys"
"Sir Winston Churchill","http://dbpedia.org/ontology/primeMinister","The Lord Duncan-Sandys"
"Saddam Hussein","http://dbpedia.org/ontology/president","Watban Ibrahim al-Tikriti"
"Saddam Hussein","http://dbpedia.org/ontology/primeMinister","Watban Ibrahim al-Tikriti"
"Jeremiah Smith","http://dbpedia.org/ontology/child","Samuel Smith"
"Savumiamoorthy Thondaman","http://dbpedia.org/property/predecessor","Arumugam Thondaman"
"Samuel Livermore","http://dbpedia.org/ontology/child","Arthur Livermore"
"Robert Donatucci","http://dbpedia.org/ontology/successor","Ronald Donatucci"
"Robert Donatucci","http://dbpedia.org/ontology/successor","Ronald R. Donatucci"
"Luis Terrazas","http://dbpedia.org/ontology/predecessor","Enrique Creel"
"Gina de Venecia","http://dbpedia.org/ontology/predecessor","Christopher de Venecia"
"Maria Georgina Perez-de Venecia","http://dbpedia.org/ontology/predecessor","Christopher de Venecia"
"Gina de Venecia","http://dbpedia.org/ontology/predecessor","Christopher Vera Perez De Venecia"
"Maria Georgina Perez-de Venecia","http://dbpedia.org/ontology/predecessor","Christopher Vera Perez De Venecia"
"Louis Lavergne","http://dbpedia.org/ontology/successor","Joseph Lavergne"
"Marine Le Pen","http://dbpedia.org/ontology/successor","Jean-Marie Le Pen"
"Oliver Cromwell","http://dbpedia.org/ontology/predecessor","Richard Cromwell"
"Bob Brown","http://dbpedia.org/property/predecessor","Kelly Hoare"
"Bob Brown","http://dbpedia.org/property/before","Kelly Hoare"
"Alec Douglas-Home","http://dbpedia.org/ontology/predecessor","The Earl of Home"
"The Lord Home of the Hirsel","http://dbpedia.org/ontology/predecessor","The Earl of Home"
"Alec Douglas-Home","http://dbpedia.org/ontology/predecessor","David Douglas-Home, 15th Earl of Home"
"The Lord Home of the Hirsel","http://dbpedia.org/ontology/predecessor","David Douglas-Home, 15th Earl of Home"
"Köprülü Mehmed Pasha","http://dbpedia.org/ontology/predecessor","Ahmed"
"Mehmed","http://dbpedia.org/ontology/predecessor","Ahmed"
"Köprülü Mehmed Pasha","http://dbpedia.org/ontology/predecessor","Köprülü Fazıl Ahmed Pasha"
"Mehmed","http://dbpedia.org/ontology/predecessor","Köprülü Fazıl Ahmed Pasha"
"Hassanal Bolkiah","http://dbpedia.org/ontology/successor","Mohamed Bolkiah"
"(Jawi)","http://dbpedia.org/ontology/successor","Mohamed Bolkiah"
"Haji Hassanal Bolkiah Mu'izzaddin Wad'daulah","http://dbpedia.org/ontology/successor","Mohamed Bolkiah"
"Hassanal Bolkiah","http://dbpedia.org/ontology/monarch","Prince Mohamed Bolkiah"
"(Jawi)","http://dbpedia.org/ontology/monarch","Prince Mohamed Bolkiah"
"Haji Hassanal Bolkiah Mu'izzaddin Wad'daulah","http://dbpedia.org/ontology/monarch","Prince Mohamed Bolkiah"
"Hassanal Bolkiah","http://dbpedia.org/ontology/successor","Prince Mohamed Bolkiah"
"(Jawi)","http://dbpedia.org/ontology/successor","Prince Mohamed Bolkiah"
"Haji Hassanal Bolkiah Mu'izzaddin Wad'daulah","http://dbpedia.org/ontology/successor","Prince Mohamed Bolkiah"
"Hassanal Bolkiah","http://dbpedia.org/ontology/monarch","Mohamed Bolkiah"
"(Jawi)","http://dbpedia.org/ontology/monarch","Mohamed Bolkiah"
"Haji Hassanal Bolkiah Mu'izzaddin Wad'daulah","http://dbpedia.org/ontology/monarch","Mohamed Bolkiah"
"The Duke of Wellington","http://dbpedia.org/property/before","The Duke of Wellington"
"Arthur Valerian Wellesley, 8th Duke of Wellington","http://dbpedia.org/property/before","The Duke of Wellington"
"The Duke of Wellington","http://dbpedia.org/property/before","Charles Wellesley, 9th Duke of Wellington"
"Arthur Valerian Wellesley, 8th Duke of Wellington","http://dbpedia.org/property/before","Charles Wellesley, 9th Duke of Wellington"
"Henare Uru","http://dbpedia.org/ontology/successor","Hopere Uru"
"Hopere Uru","http://dbpedia.org/property/predecessor","Henare Uru"
"Tomáš Garrigue Masaryk","http://dbpedia.org/ontology/president","Jan Masaryk"
"Royal Navy","http://dbpedia.org/ontology/militaryBranch","Kenneth Dewar"
"Royal Navy","http://dbpedia.org/ontology/militaryBranch","Kenneth Gilbert Balmain Dewar"
"Aram Sargsyan","http://dbpedia.org/ontology/successor","Vazgen Sargsyan"
"Vazgen Sargsyan","http://dbpedia.org/ontology/predecessor","Aram Sargsyan"
"Vazgen Sargsyan","http://dbpedia.org/property/before","Aram Sargsyan"
"Salim Saifullah Khan","http://dbpedia.org/ontology/predecessor","(أنور سيف الله خان)"
"Salim Saifullah Khan","http://dbpedia.org/ontology/predecessor","Anwar Saifullah Khan"
"Ole Kirk Christiansen","http://dbpedia.org/ontology/predecessor","Godtfred Kirk Christiansen"
"Robert Ghiz","http://dbpedia.org/ontology/child","Joe Ghiz"
"Godtfred Kirk Christiansen","http://dbpedia.org/ontology/predecessor","Kjeld Kirk Kristiansen"
"James W. Bolton","http://dbpedia.org/ontology/parent","Robert H. Bolton"
"James Calderwood Bolton","http://dbpedia.org/ontology/parent","Robert H. Bolton"
"James Wade Bolton","http://dbpedia.org/ontology/parent","Robert H. Bolton"
"James W. Bolton","http://dbpedia.org/ontology/parent","Robert Harvey Bolton, Sr."
"James Calderwood Bolton","http://dbpedia.org/ontology/parent","Robert Harvey Bolton, Sr."
"James Wade Bolton","http://dbpedia.org/ontology/parent","Robert Harvey Bolton, Sr."
"Robert H. Bolton","http://dbpedia.org/ontology/child","James W. Bolton"
"Robert Harvey Bolton, Sr.","http://dbpedia.org/ontology/child","James W. Bolton"
"Robert H. Bolton","http://dbpedia.org/ontology/child","James Calderwood Bolton"
"Robert Harvey Bolton, Sr.","http://dbpedia.org/ontology/child","James Calderwood Bolton"
"Robert H. Bolton","http://dbpedia.org/ontology/child","James Wade Bolton"
"Robert Harvey Bolton, Sr.","http://dbpedia.org/ontology/child","James Wade Bolton"
"Joe Arlooktoo","http://dbpedia.org/ontology/predecessor","Goo Arlooktoo"
"Charles Morris","http://dbpedia.org/ontology/successor","Charles Morris"
"Raymond P. Rodgers","http://www.w3.org/2002/07/owl#differentFrom","Christopher Raymond Perry Rodgers"
"Christopher Raymond Perry Rodgers","http://www.w3.org/2002/07/owl#differentFrom","Raymond P. Rodgers"
"John Baker White","http://dbpedia.org/ontology/child","Robert White"
"Robert White","http://dbpedia.org/ontology/child","Robert White"
"Robert E. Lee","http://dbpedia.org/property/before","George Washington Custis Lee"
"Francisco I. Madero","http://dbpedia.org/ontology/president","Ernesto Madero"
"Fuchu","http://dbpedia.org/ontology/predecessor","Lord Changping"
"Xiong Fuchu","http://dbpedia.org/ontology/predecessor","Lord Changping"
"George Washington","http://dbpedia.org/ontology/child","John Thornton Augustine Washington"
"Henry Ford","http://dbpedia.org/ontology/predecessor","Henry Ford II"
"Benjamin Franklin","http://dbpedia.org/ontology/child","Josiah Franklin"
"Benjamin Franklin","http://dbpedia.org/ontology/knownFor","Josiah Franklin"
"Charles Pierrepont, 1st Earl Manvers","http://dbpedia.org/property/before","Charles Pierrepont, 2nd Earl Manvers"
"Charles Pierrepont","http://dbpedia.org/property/before","Charles Pierrepont, 2nd Earl Manvers"
"1st Earl Manvers","http://dbpedia.org/property/before","Charles Pierrepont, 2nd Earl Manvers"
"Charles Pierrepont, 1st Earl Manvers","http://dbpedia.org/property/before","Charles Herbert Pierrepont"
"Charles Pierrepont","http://dbpedia.org/property/before","Charles Herbert Pierrepont"
"1st Earl Manvers","http://dbpedia.org/property/before","Charles Herbert Pierrepont"
"Charles Pierrepont, 1st Earl Manvers","http://dbpedia.org/property/before","2nd Earl Manvers"
"Charles Pierrepont","http://dbpedia.org/property/before","2nd Earl Manvers"
"1st Earl Manvers","http://dbpedia.org/property/before","2nd Earl Manvers"
"Evelyn Pierrepont","http://dbpedia.org/property/before","Charles Herbert Pierrepont"
"Evelyn Pierrepont","http://dbpedia.org/property/before","2nd Earl Manvers"
"Evelyn Pierrepont","http://dbpedia.org/property/before","Charles Pierrepont, 2nd Earl Manvers"
"Henry Ford","http://dbpedia.org/ontology/predecessor","Edsel Ford"
"Henry Ford","http://dbpedia.org/property/before","Edsel Ford"
"Eli Lilly","http://dbpedia.org/ontology/predecessor","Josiah K. Lilly, Jr."
"Eli Lilly","http://dbpedia.org/property/before","Josiah K. Lilly Jr."
"Eli Lilly","http://dbpedia.org/ontology/predecessor","Josiah K. Lilly Jr."
"Eli Lilly","http://dbpedia.org/property/before","Josiah K. Lilly, Jr."
"Hugh McLeod","http://dbpedia.org/ontology/predecessor","William Mackenzie McLeod"
"Sir Henry Chamberlain, 1st Baronet","http://dbpedia.org/property/before","Henry Chamberlain"
"Sir Henry Chamberlain, 1st Baronet","http://dbpedia.org/property/before","Sir Henry Chamberlain, 2nd Baronet"
"Moctezuma I","http://dbpedia.org/property/after","Tlacaelel"
"Moctezuma I","http://dbpedia.org/property/after","Tlacaelel I"
"Ashikaga Takauji","http://dbpedia.org/property/before","Ashikaga Yoshiakira"
"Ashikaga Takauji","http://dbpedia.org/ontology/predecessor","Ashikaga Yoshiakira"
"Edmund Burke","http://dbpedia.org/property/before","Richard Burke"
"Edmund Burke","http://dbpedia.org/property/predecessor","Richard Burke"
"James Johnson","http://dbpedia.org/property/after","John Telemachus Johnson"
"James Johnson","http://dbpedia.org/ontology/successor","John Telemachus Johnson"
"Dwight D. Eisenhower","http://dbpedia.org/ontology/knownFor","David Eisenhower"
"James K. Polk","http://dbpedia.org/property/appointer","Joseph Lafayette Meek"
"James K. Polk","http://dbpedia.org/property/appointer","Joseph Meek"
"James W. Bolton","http://dbpedia.org/ontology/child","George Washington Bolton"
"James Calderwood Bolton","http://dbpedia.org/ontology/child","George Washington Bolton"
"James Wade Bolton","http://dbpedia.org/ontology/child","George Washington Bolton"
"David Watkins","http://dbpedia.org/property/predecessor","David Watkins"
"David Watkins","http://dbpedia.org/property/predecessor","David Oliver Watkins"
"David Watkins","http://dbpedia.org/property/before","David Oliver Watkins"
"David Watkins","http://dbpedia.org/property/before","David Watkins"
"Bernard Law Montgomery, 1st Viscount Montgomery of Alamein","http://dbpedia.org/ontology/predecessor","David Montgomery, 2nd Viscount Montgomery of Alamein"
"The Viscount Montgomery of Alamein","http://dbpedia.org/ontology/predecessor","David Montgomery, 2nd Viscount Montgomery of Alamein"
"Bernard Law Montgomery, 1st Viscount Montgomery of Alamein","http://dbpedia.org/ontology/predecessor","The Viscount Montgomery of Alamein"
"The Viscount Montgomery of Alamein","http://dbpedia.org/ontology/predecessor","The Viscount Montgomery of Alamein"
"Sir James Fergusson, 6th Baronet","http://dbpedia.org/property/before","Sir Charles Fergusson, 7th Baronet"
"Sir James Fergusson, 6th Bt","http://dbpedia.org/property/before","Sir Charles Fergusson, 7th Baronet"
"Sir James Fergusson, 6th Baronet","http://dbpedia.org/property/before","Sir Charles Fergusson, 7th Bt"
"Sir James Fergusson, 6th Bt","http://dbpedia.org/property/before","Sir Charles Fergusson, 7th Bt"
"István Horthy","http://dbpedia.org/ontology/deputy","Miklós Horthy"
"Thomas J. McCall","http://dbpedia.org/ontology/predecessor","Keith R. McCall"
"Cornelis de Graeff","http://dbpedia.org/ontology/successor","Andries Bicker"
"Cornelis de Graeff van Zuid-Polsbroek","http://dbpedia.org/ontology/successor","Andries Bicker"
"Amine Gemayel","http://dbpedia.org/property/after","Bachir Gemayel"
"أمين الجميٌل","http://dbpedia.org/property/after","Bachir Gemayel"
"James W. Nicholson","http://www.w3.org/2002/07/owl#differentFrom","James Nicholson"
"James William Augustus Nicholson","http://www.w3.org/2002/07/owl#differentFrom","James Nicholson"
"Simon Luttrell, 1st Earl of Carhampton","http://dbpedia.org/property/before","James Luttrell"
"Benjamin Abalos","http://dbpedia.org/ontology/predecessor","Benjamin Abalos, Jr."
"Bernard Corser","http://dbpedia.org/ontology/successor","Edward Corser"
"Bernard Corser","http://dbpedia.org/property/after","Edward Corser"
"Bill Riordan","http://dbpedia.org/ontology/successor","Darby Riordan"
"Edward Corser","http://dbpedia.org/property/before","Bernard Corser"
"Edward Corser","http://dbpedia.org/property/predecessor","Bernard Corser"
"Denis Éthier","http://dbpedia.org/ontology/successor","Viateur Éthier"
"Ulrich Fredrich von Cappelen","http://www.w3.org/2002/07/owl#differentFrom","Ulrik Frederik Cappelen"
"Elizabeth McCombs","http://dbpedia.org/property/predecessor","Terence McCombs"
"Elizabeth McCombs","http://dbpedia.org/property/predecessor","Sir Terry McCombs"
"Cornelis de Graeff","http://dbpedia.org/ontology/predecessor","Andries de Graeff"
"Cornelis de Graeff van Zuid-Polsbroek","http://dbpedia.org/ontology/predecessor","Andries de Graeff"
"Cornelis de Graeff","http://dbpedia.org/ontology/predecessor","Pieter de Graeff"
"Cornelis de Graeff van Zuid-Polsbroek","http://dbpedia.org/ontology/predecessor","Pieter de Graeff"
"Cornelis de Graeff","http://dbpedia.org/property/before","Pieter de Graeff"
"Cornelis de Graeff van Zuid-Polsbroek","http://dbpedia.org/property/before","Pieter de Graeff"
"Ban Chao","http://www.w3.org/2002/07/owl#differentFrom","Ban Zhao"
"Edsel Ford II","http://dbpedia.org/ontology/child","Henry Ford II"
"Laurie Brereton","http://dbpedia.org/property/predecessor","Deirdre Grusovin"
"Laurie Brereton","http://dbpedia.org/property/before","Deirdre Grusovin"
"Robert de Beaumont, 1st Earl of Leicester","http://dbpedia.org/property/before","Robert de Beaumont, 2nd Earl of Leicester"
"Whetu Tirikatene-Sullivan","http://dbpedia.org/ontology/successor","Eruera Tirikatene"
"Whetu Tirikatene-Sullivan","http://dbpedia.org/ontology/successor","Sir Eruera Tirikatene"
"Isabel Rivas","http://dbpedia.org/ontology/relative","Dennis Roldan"
"Isabel Rivas","http://dbpedia.org/ontology/relative","Mitchell Gumabao"
"Harry Jenkins, Sr.","http://dbpedia.org/property/predecessor","Harry Jenkins"
"Dr Harry Jenkins","http://dbpedia.org/property/predecessor","Harry Jenkins"
"Frank Chaffey","http://dbpedia.org/property/predecessor","Bill Chaffey"
"Frank Chaffey","http://dbpedia.org/property/before","Bill Chaffey"
"Angus William McDonald","http://dbpedia.org/property/parents","Marshall McDonald"
"Jonathan Mayhew Wainwright I","http://dbpedia.org/property/parents","Jonathan Mayhew Wainwright II"
"Rob Ford","http://dbpedia.org/property/predecessor","Doug Ford, Jr."
"Rob Ford","http://dbpedia.org/ontology/successor","Doug Ford, Jr."
"Džafer Kulenović","http://dbpedia.org/ontology/successor","Osman Kulenović"
"Dr. Džafer Kulenović","http://dbpedia.org/ontology/successor","Osman Kulenović"
"Charles J. Fogarty","http://dbpedia.org/ontology/predecessor","Paul Fogarty"
"Charlie Fogarty","http://dbpedia.org/ontology/predecessor","Paul Fogarty"
"Pierre-Samuel Gendron","http://dbpedia.org/ontology/predecessor","Flavien Dupont"
"Julio César Turbay Ayala","http://www.w3.org/2002/07/owl#differentFrom","Julio César Turbay Quintero"
"Rob Ford","http://dbpedia.org/property/predecessor","Michael Ford"
"Rob Ford","http://dbpedia.org/property/predecessor","Michael Douglas Ford"
"George Mason","http://dbpedia.org/ontology/parent","George Mason V"
"George Mason","http://dbpedia.org/ontology/child","George Mason III"
"Jaime Zobel de Ayala","http://dbpedia.org/ontology/predecessor","Jaime Augusto Zobel"
"Jaime Zóbel de Ayala","http://dbpedia.org/ontology/predecessor","Jaime Augusto Zobel"
"Jaime Zobel de Ayala","http://dbpedia.org/ontology/predecessor","Jaime Augusto Zóbel de Ayala II"
"Jaime Zóbel de Ayala","http://dbpedia.org/ontology/predecessor","Jaime Augusto Zóbel de Ayala II"
"Hugh le Despencer, 1st Baron le Despencer","http://dbpedia.org/property/after","Philip Basset"
"Hugh le Despencer","http://dbpedia.org/property/after","Philip Basset"
"Hugh le Despencer, 1st Baron le Despencer","http://dbpedia.org/ontology/predecessor","Philip Basset"
"Hugh le Despencer","http://dbpedia.org/ontology/predecessor","Philip Basset"
"Hugh le Despencer, 1st Baron le Despencer","http://dbpedia.org/property/before","Philip Basset"
"Hugh le Despencer","http://dbpedia.org/property/before","Philip Basset"
"Hugh le Despencer, 1st Baron le Despencer","http://dbpedia.org/ontology/successor","Philip Basset"
"Hugh le Despencer","http://dbpedia.org/ontology/successor","Philip Basset"
"Gwendolyn Garcia","http://dbpedia.org/ontology/successor","Pablo P. Garcia"
"François Duvalier","http://dbpedia.org/property/before","Jean-Claude Duvalier"
"François Duvalier","http://dbpedia.org/property/predecessor","Jean-Claude Duvalier"
"George Mason","http://dbpedia.org/ontology/parent","Thomson Mason"
"George Mason","http://dbpedia.org/ontology/parent","Thomas Mason"
"Hugh O'Neill, 1st Baron Rathcavan","http://dbpedia.org/property/before","The Lord Rathcavan"
"Hugh O'Neill, 1st Baron Rathcavan","http://dbpedia.org/property/before","Phelim O'Neill, 2nd Baron Rathcavan"
"Felix Octave Pavy","http://dbpedia.org/property/after","Gilbert L. Dupré"
"Felix Octave Pavy","http://dbpedia.org/property/after","Gilbert Louis Dupré, Jr."
"Stan Bunn","http://dbpedia.org/property/predecessor","Tom Bunn"
"Thomas Toft","http://dbpedia.org/ontology/child","Thomas Toft"
"Louis Archambeault","http://dbpedia.org/ontology/predecessor","Horace Archambeault"
"Louis Archambeault","http://dbpedia.org/ontology/predecessor","Sir Horace Archambeault"
"Henry Augustus Field","http://dbpedia.org/property/predecessor","William Hughes Field"
"Karen G. Angara","http://dbpedia.org/ontology/child","Arthur Angara"
"Karen G. Angara-Ularan","http://dbpedia.org/ontology/child","Arthur Angara"
"Karen G. Angara","http://dbpedia.org/ontology/child","Dr. Arturo ""Arthur"" J. Angara"
"Karen G. Angara-Ularan","http://dbpedia.org/ontology/child","Dr. Arturo ""Arthur"" J. Angara"
"Leonard J. Chabert","http://dbpedia.org/property/preceded","Marty J. Chabert"
"Leonard Joseph Chabert, I","http://dbpedia.org/property/preceded","Marty J. Chabert"
"Leonard J. Chabert","http://dbpedia.org/property/before","Marty James Chabert"
"Leonard Joseph Chabert, I","http://dbpedia.org/property/before","Marty James Chabert"
"Leonard J. Chabert","http://dbpedia.org/property/preceded","Marty James Chabert"
"Leonard Joseph Chabert, I","http://dbpedia.org/property/preceded","Marty James Chabert"
"Leonard J. Chabert","http://dbpedia.org/property/before","Marty J. Chabert"
"Leonard Joseph Chabert, I","http://dbpedia.org/property/before","Marty J. Chabert"
"Charles Calvert, 3rd Baron Baltimore","http://dbpedia.org/property/predecessor","Benedict Calvert, 4th Baron Baltimore"
"(The Right Honourable)","http://dbpedia.org/property/predecessor","Benedict Calvert, 4th Baron Baltimore"
"The Lord Baltimore","http://dbpedia.org/property/predecessor","Benedict Calvert, 4th Baron Baltimore"
"Charles Calvert, 3rd Baron Baltimore","http://dbpedia.org/property/predecessor","The Lord Baltimore"
"(The Right Honourable)","http://dbpedia.org/property/predecessor","The Lord Baltimore"
"The Lord Baltimore","http://dbpedia.org/property/predecessor","The Lord Baltimore"
"Charles Calvert, 3rd Baron Baltimore","http://dbpedia.org/property/predecessor","(The Right Honourable)"
"(The Right Honourable)","http://dbpedia.org/property/predecessor","(The Right Honourable)"
"The Lord Baltimore","http://dbpedia.org/property/predecessor","(The Right Honourable)"
"Charles Calvert, 3rd Baron Baltimore","http://dbpedia.org/property/before","Benedict Calvert, 4th Baron Baltimore"
"(The Right Honourable)","http://dbpedia.org/property/before","Benedict Calvert, 4th Baron Baltimore"
"The Lord Baltimore","http://dbpedia.org/property/before","Benedict Calvert, 4th Baron Baltimore"
"Charles Calvert, 3rd Baron Baltimore","http://dbpedia.org/property/before","The Lord Baltimore"
"(The Right Honourable)","http://dbpedia.org/property/before","The Lord Baltimore"
"The Lord Baltimore","http://dbpedia.org/property/before","The Lord Baltimore"
"Charles Calvert, 3rd Baron Baltimore","http://dbpedia.org/property/before","(The Right Honourable)"
"(The Right Honourable)","http://dbpedia.org/property/before","(The Right Honourable)"
"The Lord Baltimore","http://dbpedia.org/property/before","(The Right Honourable)"
"Charles Calvert, 5th Baron Baltimore","http://dbpedia.org/property/after","The Lord Baltimore"
"The Lord Baltimore","http://dbpedia.org/property/after","The Lord Baltimore"
"Charles Calvert, 5th Baron Baltimore","http://dbpedia.org/property/after","Benedict Calvert, 4th Baron Baltimore"
"The Lord Baltimore","http://dbpedia.org/property/after","Benedict Calvert, 4th Baron Baltimore"
"Charles Calvert, 5th Baron Baltimore","http://dbpedia.org/property/after","(The Right Honourable)"
"The Lord Baltimore","http://dbpedia.org/property/after","(The Right Honourable)"
"Benedict Calvert, 4th Baron Baltimore","http://dbpedia.org/ontology/successor","Charles Calvert, 3rd Baron Baltimore"
"(The Right Honourable)","http://dbpedia.org/ontology/successor","Charles Calvert, 3rd Baron Baltimore"
"The Lord Baltimore","http://dbpedia.org/ontology/successor","Charles Calvert, 3rd Baron Baltimore"
"Benedict Calvert, 4th Baron Baltimore","http://dbpedia.org/ontology/successor","The Lord Baltimore"
"(The Right Honourable)","http://dbpedia.org/ontology/successor","The Lord Baltimore"
"The Lord Baltimore","http://dbpedia.org/ontology/successor","The Lord Baltimore"
"Benedict Calvert, 4th Baron Baltimore","http://dbpedia.org/ontology/successor","(The Right Honourable)"
"(The Right Honourable)","http://dbpedia.org/ontology/successor","(The Right Honourable)"
"The Lord Baltimore","http://dbpedia.org/ontology/successor","(The Right Honourable)"
"Charles Calvert, 5th Baron Baltimore","http://dbpedia.org/property/next","Charles Calvert, 3rd Baron Baltimore"
"The Lord Baltimore","http://dbpedia.org/property/next","Charles Calvert, 3rd Baron Baltimore"
"Charles Calvert, 5th Baron Baltimore","http://dbpedia.org/property/next","(The Right Honourable)"
"The Lord Baltimore","http://dbpedia.org/property/next","(The Right Honourable)"
"Charles Calvert, 5th Baron Baltimore","http://dbpedia.org/property/next","The Lord Baltimore"
"The Lord Baltimore","http://dbpedia.org/property/next","The Lord Baltimore"
"Charles Grey, 2nd Earl Grey","http://dbpedia.org/property/after","Charles Grey, 1st Earl Grey"
"The Earl Grey","http://dbpedia.org/property/after","Charles Grey, 1st Earl Grey"
"John Kirk","http://dbpedia.org/ontology/successor","Norman Kirk"
"Bruce Norris","http://dbpedia.org/property/after","James D. Norris"
"Bruce Arthur Norris","http://dbpedia.org/property/after","James D. Norris"
"William Cecil, 1st Baron Burghley","http://dbpedia.org/ontology/predecessor","The Earl of Salisbury"
"The Lord Burghley","http://dbpedia.org/ontology/predecessor","The Earl of Salisbury"
"William Cecil, 1st Baron Burghley","http://dbpedia.org/ontology/predecessor","Robert Cecil, 1st Earl of Salisbury"
"The Lord Burghley","http://dbpedia.org/ontology/predecessor","Robert Cecil, 1st Earl of Salisbury"
"William Cecil, 1st Baron Burghley","http://dbpedia.org/property/before","The Earl of Salisbury"
"The Lord Burghley","http://dbpedia.org/property/before","The Earl of Salisbury"
"William Cecil, 1st Baron Burghley","http://dbpedia.org/property/before","Robert Cecil, 1st Earl of Salisbury"
"The Lord Burghley","http://dbpedia.org/property/before","Robert Cecil, 1st Earl of Salisbury"
"Bert Cremean","http://dbpedia.org/property/before","Jack Cremean"
"Jomari Yllana","http://dbpedia.org/ontology/relative","Anjo Yllana"
"Jomari Yllana","http://dbpedia.org/ontology/relative","Andrés José G. Yllana, Jr."
"Félix Geoffrion","http://dbpedia.org/ontology/predecessor","Christophe-Alphonse Geoffrion"
"John McLeay","http://dbpedia.org/property/after","John McLeay, Sr."
"John McLeay, Jr.","http://dbpedia.org/property/after","John McLeay, Sr."
"John McLeay","http://dbpedia.org/property/after","Sir John McLeay"
"John McLeay, Jr.","http://dbpedia.org/property/after","Sir John McLeay"
"John McLeay","http://dbpedia.org/ontology/successor","Sir John McLeay"
"John McLeay, Jr.","http://dbpedia.org/ontology/successor","Sir John McLeay"
"John McLeay","http://dbpedia.org/ontology/successor","John McLeay, Sr."
"John McLeay, Jr.","http://dbpedia.org/ontology/successor","John McLeay, Sr."
"Kofi Abrefa Busia","http://dbpedia.org/ontology/primeMinister","Nii Amaa Ollennu"
"Friedrich Wilhelm von Steuben","http://dbpedia.org/property/before","William North"
"Baron von Steuben","http://dbpedia.org/property/before","William North"
"Heinrich Heine","http://dbpedia.org/ontology/knownFor","Salomon Heine"
"George Mason","http://dbpedia.org/ontology/child","William Mason"
"George Mason","http://dbpedia.org/ontology/parent","William Mason"
"Ted Row","http://dbpedia.org/ontology/successor","John Row"
"Ted Row","http://dbpedia.org/ontology/successor","Sir John Row"
"Mahinda Rajapaksa","http://dbpedia.org/ontology/president","Gotabhaya Rajapaksa"
"Mahinda Rajapaksa","http://dbpedia.org/ontology/president","Gotabaya Rajapaksa"
"Mahinda Rajapaksa","http://dbpedia.org/ontology/president","ගෝඨාභය රාජපක්ෂ"
"Abdul Taib Mahmud","http://dbpedia.org/property/predecessor","Sulaiman Abdul Rahman Taib"
"Abdul Taib Mahmud","http://dbpedia.org/property/predecessor","Sulaiman Abdul Rahman Abdul Taib"
"Mahinda Rajapaksa","http://dbpedia.org/property/predecessor","Nirupama Rajapaksa"
"Chang Po-ya","http://dbpedia.org/ontology/successor","Hsu Shih-hsien"
"Edward Sackville-West, 5th Baron Sackville","http://dbpedia.org/property/after","Charles Sackville-West, 4th Baron Sackville"
"Edward Sackville-West, 5th Baron Sackville","http://dbpedia.org/property/after","The Lord Sackville"
"Martanda Bhairava Tondaiman","http://dbpedia.org/ontology/monarch","Raghunatha Pallavarayar"
"Martanda Bhairava Tondaiman","http://dbpedia.org/ontology/monarch","Vijaya Raghunatha Pallavarayar"
"Jess McMahon","http://dbpedia.org/ontology/parent","Vince McMahon Sr."
"Jess McMahon","http://dbpedia.org/ontology/parent","Vince J. McMahon"
"Gnassingbé Eyadéma","http://dbpedia.org/ontology/predecessor","Faure Gnassingbé"
"Miantonomoh","http://dbpedia.org/ontology/successor","Canonicus"
"Deirdre Grusovin","http://dbpedia.org/property/after","Laurie Brereton"
"Eruera Tirikatene","http://dbpedia.org/property/predecessor","Whetu Tirikatene-Sullivan"
"Sir Eruera Tirikatene","http://dbpedia.org/property/predecessor","Whetu Tirikatene-Sullivan"
"Charles Lenox Remond","http://dbpedia.org/ontology/child","Caroline Remond Putnam"
"Maria Clara Lobregat","http://dbpedia.org/property/predecessor","Celso Lobregat"
"Maria Clara L. Lobregat","http://dbpedia.org/property/predecessor","Celso Lobregat"
"Maria Clara Lobregat","http://dbpedia.org/property/predecessor","Celso L. Lobregat"
"Maria Clara L. Lobregat","http://dbpedia.org/property/predecessor","Celso L. Lobregat"
"Bill Chaffey","http://dbpedia.org/ontology/successor","Frank Chaffey"
"Bill Chaffey","http://dbpedia.org/property/after","Frank Chaffey"
"James D. Norris","http://dbpedia.org/property/before","Bruce Norris"
"James D. Norris","http://dbpedia.org/property/before","Bruce Arthur Norris"
"Jack Cremean","http://dbpedia.org/ontology/successor","Bert Cremean"
"Mohammad Sarwar","http://dbpedia.org/property/predecessor","Anas Sarwar"
"R. Harmon Drew, Sr.","http://dbpedia.org/property/succeeded","Harmon Drew, Jr."
"Richard Harmon Drew Sr.","http://dbpedia.org/property/succeeded","Harmon Drew, Jr."
"R. Harmon Drew, Sr.","http://dbpedia.org/property/succeeded","Richard Harmon Drew Jr."
"Richard Harmon Drew Sr.","http://dbpedia.org/property/succeeded","Richard Harmon Drew Jr."
"Alexandru Callimachi","http://dbpedia.org/ontology/predecessor","Constantine Ypsilantis"
"Alexandru Callimachi","http://dbpedia.org/property/before","Constantine Ypsilantis"
"Charles Philip Yorke","http://dbpedia.org/property/after","Joseph Sydney Yorke"
"Charles Philip Yorke","http://dbpedia.org/property/after","Sir Joseph Sydney Yorke"
"Charles Philip Yorke, 4th Earl of Hardwicke","http://dbpedia.org/property/after","Sir Joseph Sydney Yorke"
"The Earl of Hardwicke","http://dbpedia.org/property/after","Sir Joseph Sydney Yorke"
"Charles Philip Yorke, 4th Earl of Hardwicke","http://dbpedia.org/property/after","Joseph Sydney Yorke"
"The Earl of Hardwicke","http://dbpedia.org/property/after","Joseph Sydney Yorke"
"Henry Kitchener, 2nd Earl Kitchener","http://dbpedia.org/property/after","Herbert Kitchener, 1st Earl Kitchener"
"The Earl Kitchener","http://dbpedia.org/property/after","Herbert Kitchener, 1st Earl Kitchener"
"Henry Kitchener, 2nd Earl Kitchener","http://dbpedia.org/property/after","The Earl Kitchener"
"The Earl Kitchener","http://dbpedia.org/property/after","The Earl Kitchener"
"Denis Thatcher","http://dbpedia.org/ontology/predecessor","Mark Thatcher"
"Sir Denis Thatcher","http://dbpedia.org/ontology/predecessor","Mark Thatcher"
"Denis Thatcher","http://dbpedia.org/ontology/predecessor","Sir Mark Thatcher"
"Sir Denis Thatcher","http://dbpedia.org/ontology/predecessor","Sir Mark Thatcher"
"Pliny the Younger","http://dbpedia.org/ontology/child","Pliny the Elder"
"Pliny the Younger (Gaius Plinius Caecilius Secundus)","http://dbpedia.org/ontology/child","Pliny the Elder"
"Pliny the Younger","http://dbpedia.org/ontology/child","Gaius Plinius Secundus"
"Pliny the Younger (Gaius Plinius Caecilius Secundus)","http://dbpedia.org/ontology/child","Gaius Plinius Secundus"
"John Bruton","http://dbpedia.org/property/taoiseach","Richard Bruton"
"Guia Gomez","http://dbpedia.org/ontology/successor","Joseph Victor Ejercito"
"Guia G. Gomez","http://dbpedia.org/ontology/successor","Joseph Victor Ejercito"
"John Kufuor","http://dbpedia.org/ontology/president","Kwame Addo-Kufuor"
"Juan Edgardo Angara","http://dbpedia.org/ontology/predecessor","Bellaflor J. Angara-Castillo"
"Sonny Angara","http://dbpedia.org/ontology/predecessor","Bellaflor J. Angara-Castillo"
"Juan Edgardo Angara","http://dbpedia.org/ontology/predecessor","Bellaflor Angara-Castillo"
"Sonny Angara","http://dbpedia.org/ontology/predecessor","Bellaflor Angara-Castillo"
"Juan Edgardo Angara","http://dbpedia.org/ontology/successor","Bellaflor J. Angara-Castillo"
"Sonny Angara","http://dbpedia.org/ontology/successor","Bellaflor J. Angara-Castillo"
"Juan Edgardo Angara","http://dbpedia.org/ontology/successor","Bellaflor Angara-Castillo"
"Sonny Angara","http://dbpedia.org/ontology/successor","Bellaflor Angara-Castillo"
"Charles Haughey","http://dbpedia.org/property/before","Seán Haughey"
"Archibald Douglas","http://dbpedia.org/property/before","Carl August Ehrensvärd"
"Mike Smith","http://dbpedia.org/ontology/predecessor","Gerald Long"
"Kenneth Michael ""Mike"" Smith, Sr.","http://dbpedia.org/ontology/predecessor","Gerald Long"
"George Thorn","http://dbpedia.org/property/predecessor","John Thorn"
"Siad Barre","http://dbpedia.org/ontology/president","General Morgan"
"Siad Barre","http://dbpedia.org/ontology/president","Mohammed Said Hersi Morgan"
"Turahanoğlu Ömer Bey","http://dbpedia.org/property/after","Turahan Bey"
"National Parliament","http://dbpedia.org/property/honorificSuffix","Abdullah Al Kafi"
"জাতীয় সংসদ","http://dbpedia.org/property/honorificSuffix","Abdullah Al Kafi"
"Jatiyo Sangsad","http://dbpedia.org/property/honorificSuffix","Abdullah Al Kafi"
"Sir Harry Munro, 7th Baronet","http://dbpedia.org/property/after","Sir Robert Munro, 6th Baronet"
"Sir Harry Munro, 7th Baronet","http://dbpedia.org/property/after","Sir Robert Munro, Bt"
"Jose Rivera","http://dbpedia.org/ontology/predecessor","Joel Rivera"
"William P. Ross","http://dbpedia.org/property/after","John Ross"
"Osie Villeneuve","http://dbpedia.org/property/predecessor","Noble Villeneuve"
"Louis-Adélard Senécal","http://dbpedia.org/ontology/predecessor","Charles-Ignace Gill"
"Dalton McGuinty","http://dbpedia.org/ontology/successor","Dalton McGuinty, Sr."
"Lorenzo Tañada","http://dbpedia.org/property/parents","Wigberto Tañada"
"Lorenzo Tañada","http://dbpedia.org/property/parents","Wigberto Ebarle Tanada, Sr."
"Jacob Zimmerman","http://dbpedia.org/property/parents","Frederick Hinde Zimmerman"
"Doug Ford, Jr.","http://dbpedia.org/ontology/successor","Rob Ford"
"Doug Ford, Jr.","http://dbpedia.org/property/predecessor","Rob Ford"
"John Henry Pope","http://dbpedia.org/ontology/predecessor","Rufus Henry Pope"
"William E. Mason","http://dbpedia.org/property/before","Winnifred Mason Huck"
"William Ernest Mason","http://dbpedia.org/property/before","Winnifred Mason Huck"
"William E. Mason","http://dbpedia.org/property/before","Winnifred Sprague Mason Huck"
"William Ernest Mason","http://dbpedia.org/property/before","Winnifred Sprague Mason Huck"
"William E. Mason","http://dbpedia.org/property/preceded","Winnifred Mason Huck"
"William Ernest Mason","http://dbpedia.org/property/preceded","Winnifred Mason Huck"
"William E. Mason","http://dbpedia.org/property/preceded","Winnifred Sprague Mason Huck"
"William Ernest Mason","http://dbpedia.org/property/preceded","Winnifred Sprague Mason Huck"
"Gillis William Long","http://dbpedia.org/property/before","Speedy Long"
"Gillis William Long","http://dbpedia.org/property/succeeded","Speedy Long"
"Gillis William Long","http://dbpedia.org/property/after","Speedy Long"
"Gillis William Long","http://dbpedia.org/property/preceded","Speedy Long"
"William O'Brien, 2nd Marquess of Thomond","http://dbpedia.org/property/before","James O'Brien, 3rd Marquess of Thomond"
"William O'Brien, 2nd Marquess of Thomond","http://dbpedia.org/property/before","James McEdward O'Brien, 3rd Marquess of Thomond"
"John McLeay, Sr.","http://dbpedia.org/property/predecessor","John McLeay"
"Sir John McLeay","http://dbpedia.org/property/predecessor","John McLeay"
"John McLeay, Sr.","http://dbpedia.org/property/predecessor","John McLeay, Jr."
"Sir John McLeay","http://dbpedia.org/property/predecessor","John McLeay, Jr."
"U. T. Downs","http://dbpedia.org/property/parents","Crawford Hugh ""Sammy"" Downs"
"Uriah Thomas ""U. T."" Downs","http://dbpedia.org/property/parents","Crawford Hugh ""Sammy"" Downs"
"U. T. Downs","http://dbpedia.org/property/parents","C. H. \\\\Sammy\\\\ Downs"
"Uriah Thomas ""U. T."" Downs","http://dbpedia.org/property/parents","C. H. \\\\Sammy\\\\ Downs"
"Kim Jong-il","http://dbpedia.org/property/leader","Jang Sung-taek"
"Kim Jong-il","http://dbpedia.org/property/1namedata","장성택"
"Kim Jong-il","http://dbpedia.org/property/leader","장성택"
"Kim Jong-il","http://dbpedia.org/property/1namedata","Jang Sung-taek"
"Kim Jong-il","http://dbpedia.org/property/leader","張成澤"
"Kim Jong-il","http://dbpedia.org/property/1namedata","張成澤"
"Larry Anthony","http://dbpedia.org/property/predecessor","Doug Anthony"
"Hubert Lawrence Anthony","http://dbpedia.org/property/predecessor","Doug Anthony"
"Qianlong Emperor","http://dbpedia.org/ontology/monarch","Fuk'anggan"
"(乾隆帝)","http://dbpedia.org/ontology/monarch","Fuk'anggan"
"Chinese: Aixin-Jueluo Hongli 愛新覺羅弘曆","http://dbpedia.org/ontology/monarch","Fuk'anggan"
"Manchu: Aisin-Gioro hala i Hung-Li","http://dbpedia.org/ontology/monarch","Fuk'anggan"
"Tokugawa Hidetada","http://dbpedia.org/ontology/predecessor","Tokugawa Iemitsu"
"Tokugawa Hidetada","http://dbpedia.org/property/before","Tokugawa Iemitsu"
"Graham Pratten","http://dbpedia.org/ontology/successor","Herbert Pratten"
"Frederick Pratten","http://dbpedia.org/ontology/successor","Herbert Pratten"
"Hatibzade Yahya Pasha","http://dbpedia.org/property/after","Ali"
"Hatibzade Yahya Pasha","http://dbpedia.org/property/after","Hekimoğlu Ali Pasha"
"Hatibzade Yahya Pasha","http://dbpedia.org/ontology/successor","Hekimoğlu Ali Pasha"
"Hatibzade Yahya Pasha","http://dbpedia.org/ontology/successor","Ali"
"Isaac Parsons","http://dbpedia.org/ontology/child","Isaac Parsons"
"Hugo de los Reyes Chávez","http://dbpedia.org/property/before","Adán Chávez"
"Hugo de los Reyes","http://dbpedia.org/property/before","Adán Chávez"
"Hugo de los Reyes Chávez","http://dbpedia.org/property/before","Adán Chávez Frías"
"Hugo de los Reyes","http://dbpedia.org/property/before","Adán Chávez Frías"
"Adán Chávez","http://dbpedia.org/ontology/successor","Hugo de los Reyes Chávez"
"Adán Chávez Frías","http://dbpedia.org/ontology/successor","Hugo de los Reyes Chávez"
"Adán Chávez","http://dbpedia.org/ontology/successor","Hugo de los Reyes"
"Adán Chávez Frías","http://dbpedia.org/ontology/successor","Hugo de los Reyes"
"H. M. Fowler","http://dbpedia.org/ontology/religion","Jerry Fowler"
"H.M. Fowler","http://dbpedia.org/ontology/religion","Jerry Fowler"
"Douglas Fowler","http://dbpedia.org/property/before","H. M. Fowler"
"Douglas Fowler","http://dbpedia.org/property/before","H.M. Fowler"
"Douglas Fowler","http://dbpedia.org/property/preceded","H.M. Fowler"
"Douglas Fowler","http://dbpedia.org/property/preceded","H. M. Fowler"
"Paraire Karaka Paikea","http://dbpedia.org/property/predecessor","Tapihana Paraire Paikea"
"Isidore Proulx","http://dbpedia.org/ontology/predecessor","Edmond Proulx"
"Angus McDonald","http://dbpedia.org/ontology/child","Marshall McDonald"
"Myrtis Methvin","http://dbpedia.org/property/parents","Mildred Methvin"
"Myrtis Lucille Gregory Methvin","http://dbpedia.org/property/parents","Mildred Methvin"
"Myrtis Methvin","http://dbpedia.org/property/parents","Mildred Ellen ""Mimi"" Methvin"
"Myrtis Lucille Gregory Methvin","http://dbpedia.org/property/parents","Mildred Ellen ""Mimi"" Methvin"
"David Heitmeier","http://dbpedia.org/property/succeeded","Francis C. Heitmeier"
"David Heitmeier","http://dbpedia.org/property/after","Francis C. Heitmeier"
"Francis C. Heitmeier","http://dbpedia.org/property/preceded","David Heitmeier"
"Francis C. Heitmeier","http://dbpedia.org/property/before","David Heitmeier"
"Sonia McMahon","http://dbpedia.org/ontology/parent","Julian McMahon"
"(Lady McMahon)","http://dbpedia.org/ontology/parent","Julian McMahon"
"Sonia Hopkins","http://dbpedia.org/ontology/parent","Julian McMahon"
"Thomas Pierrepoint","http://dbpedia.org/ontology/parent","Henry Pierrepoint"
"Richard William Howard Vyse","http://dbpedia.org/property/after","General Richard Vyse"
"Richard Howard Vyse","http://dbpedia.org/property/after","General Richard Vyse"
"Richard William Howard Vyse","http://dbpedia.org/property/after","Richard Vyse"
"Richard Howard Vyse","http://dbpedia.org/property/after","Richard Vyse"
"Richard William Howard Vyse","http://www.w3.org/2000/01/rdf-schema#seeAlso","General Richard Vyse"
"Richard Howard Vyse","http://www.w3.org/2000/01/rdf-schema#seeAlso","General Richard Vyse"
"Richard William Howard Vyse","http://www.w3.org/2000/01/rdf-schema#seeAlso","Richard Vyse"
"Richard Howard Vyse","http://www.w3.org/2000/01/rdf-schema#seeAlso","Richard Vyse"
"Richard FitzNeal","http://dbpedia.org/property/before","William of Ely"
"Richard FitzNeal","http://dbpedia.org/property/before","William"
"Richard FitzNeal","http://dbpedia.org/ontology/predecessor","William of Ely"
"Richard FitzNeal","http://dbpedia.org/ontology/predecessor","William"
"Geoffrey le Scrope","http://dbpedia.org/property/after","Sir Henry le Scrope"
"Sir Geoffrey le Scrope","http://dbpedia.org/property/after","Sir Henry le Scrope"
"Geoffrey le Scrope","http://dbpedia.org/property/after","Henry le Scrope"
"Sir Geoffrey le Scrope","http://dbpedia.org/property/after","Henry le Scrope"
"Geoffrey le Scrope","http://dbpedia.org/ontology/successor","Sir Henry le Scrope"
"Sir Geoffrey le Scrope","http://dbpedia.org/ontology/successor","Sir Henry le Scrope"
"Geoffrey le Scrope","http://dbpedia.org/ontology/successor","Henry le Scrope"
"Sir Geoffrey le Scrope","http://dbpedia.org/ontology/successor","Henry le Scrope"
"Arybbas of Epirus","http://dbpedia.org/property/after","Neoptolemus I"
"Arybbas","http://dbpedia.org/property/after","Neoptolemus I"
"Arybbas of Epirus","http://dbpedia.org/property/after","Neoptolemus I of Epirus"
"Arybbas","http://dbpedia.org/property/after","Neoptolemus I of Epirus"
"Arybbas of Epirus","http://dbpedia.org/ontology/child","Neoptolemus I"
"Arybbas","http://dbpedia.org/ontology/child","Neoptolemus I"
"Arybbas of Epirus","http://dbpedia.org/ontology/child","Neoptolemus I of Epirus"
"Arybbas","http://dbpedia.org/ontology/child","Neoptolemus I of Epirus"
"Thomas Duckett Boyd","http://dbpedia.org/ontology/successor","David French Boyd"
"Thomas Duckett Boyd, Sr.","http://dbpedia.org/ontology/successor","David French Boyd"
"Saul Cherniack","http://dbpedia.org/ontology/successor","David Orlikow"
"George Pigot, 1st Baron Pigot","http://dbpedia.org/property/before","Hugh Pigot"
"James Wood","http://dbpedia.org/ontology/associate","Alexander White"
"John Adair","http://dbpedia.org/property/governor","Thomas Bell Monroe"
"Peter White","http://dbpedia.org/ontology/predecessor","Gerald Verner White"
"Tom MacInnes","http://dbpedia.org/ontology/child","Thomas Robert McInnes"
"Asa Hutchinson","http://dbpedia.org/property/after","Tim Hutchinson"
"Asa Hutchinson","http://dbpedia.org/property/succeeded","Tim Hutchinson"
"Jejomar Binay","http://dbpedia.org/ontology/predecessor","Jejomar Erwin S. Binay Jr."
"Jejomar Binay","http://dbpedia.org/ontology/predecessor","Jejomar Binay, Jr."
"Archibald Cochrane, 9th Earl of Dundonald","http://dbpedia.org/property/after","Thomas Cochrane, 8th Earl of Dundonald"
"Clem Hawke","http://dbpedia.org/property/parents","Bob Hawke"
"Arthur Hawke","http://dbpedia.org/property/parents","Bob Hawke"
"Nicholas Haden-Guest","http://dbpedia.org/property/heir","Christopher Guest"
"Nicholas Guest","http://dbpedia.org/property/heir","Christopher Guest"
"(The Honourable)","http://dbpedia.org/property/heir","Christopher Guest"
"Constantine Phipps, 1st Baron Mulgrave","http://dbpedia.org/property/before","Constantine Phipps, 2nd Baron Mulgrave"
"Constantine Phipps, 1st Baron Mulgrave","http://dbpedia.org/property/before","The Lord Mulgrave"
"Michael Sata","http://dbpedia.org/ontology/president","Alexander Chikwanda"
"Michael Sata","http://dbpedia.org/property/appointer","Alexander Chikwanda"
"Elie Martel","http://dbpedia.org/property/predecessor","Shelley Martel"
"Bill Sheahan","http://dbpedia.org/property/predecessor","Reg Downing"
"James Laughlin","http://dbpedia.org/ontology/child","James H. Laughlin"
"Dan Kildee","http://dbpedia.org/ontology/successor","Dale Kildee"
"Dan Kildee","http://dbpedia.org/property/after","Dale Kildee"
"Ashikaga Yoshiakira","http://dbpedia.org/ontology/predecessor","Ashikaga Yoshimitsu"
"Ashikaga Yoshiakira","http://dbpedia.org/property/before","Ashikaga Yoshimitsu"
"Ivan Ribar","http://www.w3.org/2002/07/owl#differentFrom","Ivo Lola Ribar"
"Peter Buell Porter","http://dbpedia.org/property/preceded","Augustus Porter"
"Peter Buell Porter","http://dbpedia.org/property/preceded","Augustus S. Porter"
"Peter Buell Porter","http://dbpedia.org/property/before","Augustus Porter"
"Peter Buell Porter","http://dbpedia.org/property/before","Augustus S. Porter"
"Dalton McCarthy","http://dbpedia.org/ontology/predecessor","Leighton Goldie McCarthy"
"Dalton McCarthy","http://dbpedia.org/ontology/predecessor","Leighton McCarthy"
"Henry le Scrope","http://dbpedia.org/property/before","Geoffrey le Scrope"
"Sir Henry le Scrope","http://dbpedia.org/property/before","Geoffrey le Scrope"
"Henry le Scrope","http://dbpedia.org/property/before","Sir Geoffrey le Scrope"
"Sir Henry le Scrope","http://dbpedia.org/property/before","Sir Geoffrey le Scrope"
"Henry le Scrope","http://dbpedia.org/ontology/primeMinister","Geoffrey le Scrope"
"Sir Henry le Scrope","http://dbpedia.org/ontology/primeMinister","Geoffrey le Scrope"
"Henry le Scrope","http://dbpedia.org/ontology/predecessor","Sir Geoffrey le Scrope"
"Sir Henry le Scrope","http://dbpedia.org/ontology/predecessor","Sir Geoffrey le Scrope"
"Henry le Scrope","http://dbpedia.org/ontology/primeMinister","Sir Geoffrey le Scrope"
"Sir Henry le Scrope","http://dbpedia.org/ontology/primeMinister","Sir Geoffrey le Scrope"
"Henry le Scrope","http://dbpedia.org/ontology/predecessor","Geoffrey le Scrope"
"Sir Henry le Scrope","http://dbpedia.org/ontology/predecessor","Geoffrey le Scrope"
"David French Boyd","http://dbpedia.org/ontology/child","Thomas Duckett Boyd"
"David French Boyd","http://dbpedia.org/ontology/child","Thomas Duckett Boyd, Sr."
"Charles Daniel French","http://dbpedia.org/ontology/predecessor","John William French"
"John William French","http://dbpedia.org/ontology/successor","Charles Daniel French"
"Sir George Nugent, 1st Baronet","http://dbpedia.org/property/after","Charles Edmund Nugent"
"Sir George Nugent, Bt","http://dbpedia.org/property/after","Charles Edmund Nugent"
"Sir George Nugent, 1st Baronet","http://dbpedia.org/property/after","Sir Charles Edmund Nugent"
"Sir George Nugent, Bt","http://dbpedia.org/property/after","Sir Charles Edmund Nugent"
"Joseph Wilson Baines","http://dbpedia.org/property/predecessor","Samuel Ealy Johnson"
"Joseph Wilson Baines","http://dbpedia.org/property/predecessor","Samuel Ealy Johnson Jr."
"Joseph Wilson Baines","http://dbpedia.org/property/before","Samuel Ealy Johnson"
"Joseph Wilson Baines","http://dbpedia.org/property/before","Samuel Ealy Johnson Jr."
"Allan Grossman","http://dbpedia.org/property/predecessor","Larry Grossman"
"Chuck Strahl","http://dbpedia.org/property/predecessor","Mark Strahl"
"The Earl of Westmorland","http://dbpedia.org/property/before","The Earl of Westmorland"
"Charles Fane, 3rd Earl of Westmorland","http://dbpedia.org/property/before","The Earl of Westmorland"
"The Earl of Westmorland","http://dbpedia.org/property/before","Vere Fane, 4th Earl of Westmorland"
"Charles Fane, 3rd Earl of Westmorland","http://dbpedia.org/property/before","Vere Fane, 4th Earl of Westmorland"
"George Atlee Goodling","http://dbpedia.org/property/preceded","Bill Goodling"
"George A. Goodling","http://dbpedia.org/property/preceded","Bill Goodling"
"George Atlee Goodling","http://dbpedia.org/property/preceded","William F. Goodling"
"George A. Goodling","http://dbpedia.org/property/preceded","William F. Goodling"
"George Atlee Goodling","http://dbpedia.org/property/before","Bill Goodling"
"George A. Goodling","http://dbpedia.org/property/before","Bill Goodling"
"George Atlee Goodling","http://dbpedia.org/property/before","William F. Goodling"
"George A. Goodling","http://dbpedia.org/property/before","William F. Goodling"
"Hans-Georg von der Marwitz","http://www.w3.org/2000/01/rdf-schema#seeAlso","Georg von der Marwitz"
"Hans-Georg von der Marwitz","http://www.w3.org/2000/01/rdf-schema#seeAlso","Johannes Georg von der Marwitz"
"Peter Vallone","http://dbpedia.org/property/before","Peter F. Vallone Jr."
"Peter Vallone, Sr.","http://dbpedia.org/property/before","Peter F. Vallone Jr."
"Peter Vallone","http://dbpedia.org/property/before","Peter Vallone, Jr."
"Peter Vallone, Sr.","http://dbpedia.org/property/before","Peter Vallone, Jr."
"Peter Vallone","http://dbpedia.org/ontology/predecessor","Peter F. Vallone Jr."
"Peter Vallone, Sr.","http://dbpedia.org/ontology/predecessor","Peter F. Vallone Jr."
"Peter Vallone","http://dbpedia.org/ontology/predecessor","Peter Vallone, Jr."
"Peter Vallone, Sr.","http://dbpedia.org/ontology/predecessor","Peter Vallone, Jr."
"Henry Webb","http://dbpedia.org/ontology/successor","John Thomas Peacock"
"Henry Richard Webb","http://dbpedia.org/ontology/successor","John Thomas Peacock"
"Peter McKechnie","http://dbpedia.org/ontology/successor","Henry McKechnie"
"Joseph Petrarca, Sr.","http://dbpedia.org/ontology/predecessor","Joseph Petrarca"
"Joseph A. Petrarca Sr.","http://dbpedia.org/ontology/predecessor","Joseph Petrarca"
"Joseph Petrarca, Sr.","http://dbpedia.org/ontology/predecessor","Joseph Petrarca, Jr."
"Joseph A. Petrarca Sr.","http://dbpedia.org/ontology/predecessor","Joseph Petrarca, Jr."
"Ronald Donatucci","http://dbpedia.org/ontology/predecessor","Robert Donatucci"
"Ronald R. Donatucci","http://dbpedia.org/ontology/predecessor","Robert Donatucci"
"Thomas Clayton","http://dbpedia.org/ontology/successor","John Middleton Clayton"
"Thomas Clayton","http://dbpedia.org/property/after","John Middleton Clayton"
"John Telemachus Johnson","http://dbpedia.org/property/predecessor","James Johnson"
"Nina Wang","http://dbpedia.org/ontology/predecessor","Kung Yan-sum"
"Nina Wang","http://dbpedia.org/ontology/predecessor","Dr. Yan-sum Kung"
"Özdemir Pasha","http://dbpedia.org/property/honorificPrefix","Osman"
"Özdemir Pasha","http://dbpedia.org/property/honorificPrefix","Özdemiroğlu Osman Pasha"
"Osman Kulenović","http://dbpedia.org/ontology/predecessor","Džafer Kulenović"
"Osman Kulenović","http://dbpedia.org/ontology/predecessor","Dr. Džafer Kulenović"
"Pierre Garneau","http://dbpedia.org/ontology/predecessor","Édouard Burroughs Garneau"
"Peter Angelo Cavicchia","http://dbpedia.org/ontology/predecessor","Dominic A. Cavicchia"
"Peter Angelo Cavicchia","http://dbpedia.org/ontology/successor","Dominic A. Cavicchia"
"Milan Nedić","http://dbpedia.org/property/after","Milutin Nedić"
"Henry Harford","http://dbpedia.org/ontology/child","Frederick Calvert, 6th Baron Baltimore"
"Henry Harford","http://dbpedia.org/ontology/child","(The Right Honourable)"
"Henry Harford","http://dbpedia.org/ontology/child","The Lord Baltimore"
"Yu Chen Yueh-ying","http://dbpedia.org/ontology/predecessor","Yu Cheng-hsien"
"Kim Jong-un","http://dbpedia.org/property/leader","Jang Sung-taek"
"Kim Jong-un","http://dbpedia.org/property/leader","張成澤"
"Kim Jong-un","http://dbpedia.org/property/1namedata","張成澤"
"Kim Jong-un","http://dbpedia.org/property/1namedata","Jang Sung-taek"
"Kim Jong-un","http://dbpedia.org/property/1namedata","장성택"
"Kim Jong-un","http://dbpedia.org/property/leader","장성택"
"Ian Khama","http://dbpedia.org/ontology/president","Tshekedi Khama II"
"Ian Khama","http://dbpedia.org/ontology/predecessor","Tshekedi Khama II"
"John Thorn","http://dbpedia.org/ontology/successor","George Thorn"
"Jinggoy Estrada","http://dbpedia.org/ontology/predecessor","Joseph Victor Ejercito"
"Joseph Ward","http://dbpedia.org/ontology/predecessor","Vincent Ward"
"Sir Joseph George Ward, 1st Bt","http://dbpedia.org/ontology/predecessor","Vincent Ward"
"Northrup R. Knox","http://dbpedia.org/ontology/associate","Seymour H. Knox III"
"Northrup Rand Knox","http://dbpedia.org/ontology/associate","Seymour H. Knox III"
"Charles Adermann","http://dbpedia.org/property/predecessor","Evan Adermann"
"Sir Charles Adermann","http://dbpedia.org/property/predecessor","Evan Adermann"
"Itzcoatl","http://dbpedia.org/property/before","Tlacaelel"
"ItzcoatI","http://dbpedia.org/property/before","Tlacaelel"
"Itzcoatl","http://dbpedia.org/property/before","Tlacaelel I"
"ItzcoatI","http://dbpedia.org/property/before","Tlacaelel I"
"Littleton Groom","http://dbpedia.org/ontology/successor","William Henry Groom"
"Sir Littleton Groom","http://dbpedia.org/ontology/successor","William Henry Groom"
"Black Partridge","http://dbpedia.org/ontology/knownFor","Comas"
"Black Partridge","http://dbpedia.org/ontology/knownFor","Chief Comas"
"Hans Møller","http://dbpedia.org/ontology/parent","Hans Eleonardus Møller Sr."
"Hans Møller","http://dbpedia.org/ontology/parent","Hans Eleonardus Møller, Sr."
"Senachwine","http://dbpedia.org/ontology/successor","Chief Gomo"
"Senachwine","http://dbpedia.org/ontology/successor","Gomo"
"Shahidan Kassim","http://dbpedia.org/property/predecessor","Ismail Kassim"
"Shahidan Kassim","http://dbpedia.org/ontology/successor","Ismail Kassim"
"Ismail Kassim","http://dbpedia.org/ontology/successor","Shahidan Kassim"
"Ismail Kassim","http://dbpedia.org/property/predecessor","Shahidan Kassim"
"Elinor Caplan","http://dbpedia.org/ontology/predecessor","David Caplan"
"George William Ross","http://dbpedia.org/property/predecessor","Duncan Campbell Ross"
"William Refshauge","http://dbpedia.org/property/parents","Andrew Refshauge"
"Andreas von Graben","http://dbpedia.org/ontology/predecessor","Virgil von Graben"
"Daniel-Jérémie Décarie","http://dbpedia.org/ontology/predecessor","Jérémie-Louis Décarie"
"Michael Bruxner","http://dbpedia.org/property/predecessor","Tim Bruxner"
"Sir Michael Bruxner","http://dbpedia.org/property/predecessor","Tim Bruxner"
"Popi Seniloli","http://dbpedia.org/property/before","George Cakobau"
"William Fargo","http://dbpedia.org/property/before","J. C. Fargo"
"Hon. William Fargo","http://dbpedia.org/property/before","J. C. Fargo"
"William Fargo","http://dbpedia.org/property/before","James C. Fargo"
"Hon. William Fargo","http://dbpedia.org/property/before","James C. Fargo"
"Tokugawa Ienobu","http://dbpedia.org/ontology/predecessor","Tokugawa Ietsugu"
"Tokugawa Ienobu","http://dbpedia.org/property/before","Tokugawa Ietsugu"
"William Russell Grace","http://dbpedia.org/ontology/child","Morgan Stanislaus Grace"
"James Forsyth","http://dbpedia.org/ontology/successor","John Campbell"
"James Forsyth","http://dbpedia.org/ontology/successor","John Dunmore Campbell"
"Alan Fletcher","http://dbpedia.org/ontology/successor","Malcolm McIntyre"
"Joseph Lavergne","http://dbpedia.org/ontology/predecessor","Louis Lavergne"
"Flavien Dupont","http://dbpedia.org/ontology/successor","Pierre-Samuel Gendron"
"Albert Chapman","http://dbpedia.org/property/after","Austin Chapman"
"Albert Chapman","http://dbpedia.org/property/after","Sir Austin Chapman"
"John Charles Harding, 2nd Baron Harding of Petherton","http://dbpedia.org/property/after","John Harding, 1st Baron Harding of Petherton"
"John Charles Harding, 2nd Baron Harding of Petherton","http://dbpedia.org/property/after","The Lord Harding of Petherton"
"John Row","http://dbpedia.org/ontology/predecessor","Ted Row"
"Sir John Row","http://dbpedia.org/ontology/predecessor","Ted Row"
"V. Thangapandian","http://dbpedia.org/ontology/predecessor","Thangam Thennarasu"
"Miguel Antonio Caro","http://dbpedia.org/ontology/successor","Carlos Holguín Mallarino"
"Curtis Pitt","http://dbpedia.org/ontology/successor","Frederick Warren Pitt"
"Curtis Pitt","http://dbpedia.org/ontology/successor","Warren Pitt"
"Martin Woolf","http://dbpedia.org/ontology/successor","John William Woolf"
"Martin Woolf Sr.","http://dbpedia.org/ontology/successor","John William Woolf"
"Robert H. Kittleman","http://dbpedia.org/ontology/predecessor","Allan H. Kittleman"
"Georges-C. Lachance","http://dbpedia.org/ontology/predecessor","Claude-André Lachance"
"Henry McKechnie","http://dbpedia.org/ontology/predecessor","Peter McKechnie"
"Karl Hampton","http://dbpedia.org/ontology/predecessor","Bess Price"
"Thomas Norquay","http://dbpedia.org/ontology/successor","John Norquay"
"Malcolm McIntyre","http://dbpedia.org/ontology/predecessor","Alan Fletcher"
"Taare Parata","http://dbpedia.org/ontology/successor","Tame Parata"
"Tame Parata","http://dbpedia.org/property/predecessor","Taare Parata"
"Moïse Plante","http://dbpedia.org/ontology/successor","Célestin Bergevin"
"Selwyn Muller","http://dbpedia.org/ontology/successor","Alf Muller"
"Alf Muller","http://dbpedia.org/ontology/predecessor","Selwyn Muller"
"David Daniel","http://dbpedia.org/ontology/successor","Owen Daniel"
"Owen Daniel","http://dbpedia.org/property/predecessor","David Daniel"